;;;1;2;;;;;
;;;;;;;;;
;;;;;;;;;
;AIRBNB;Comptabilité;Comptabilité;Comptabilité;Comptabilité;Comptabilité;;Comptabilité;Comptabilité
Code Appartement;Titre Airbnb Annonce;Code Comptable;Compte 411AIRBNB;Compte 411BOOKING;Compte 411VRBO;Compte 411PLUMGUIDE;Nom Appartement;Compte 411Wesbite;Compte 411MARRIOTT
P08-MER21-0G;Cocoon Loft Champs-Elysees Best Location in Paris;MER21-0G;411AIRBNB;411BOOKING;411VRBO;411PLUMGUIDE;Merveil - Luxury Suite - Champs Elysées - Mermoz;411Website;411MARRIOTT
P01-STD97-1G;Luxury 3 Bedroom 2 Bathroom Loft - Louvre Museum;STD97-1G;411AIRBNB;411BOOKING;411VRBO;411PLUMGUIDE;Merveil - Luxury Suite - Marais - Saint Denis I;411Website;411MARRIOTT
P08-ROY15-5D;Luxury 2 Bedroom - Louvre & Champs Elysees;ROY15-5D;411AIRBNB;411BOOKING;411VRBO;411PLUMGUIDE;Merveil - Luxury Suite - Champs Elysees - Royale I;411Website;411MARRIOTT
P08-ROY15-6D;Luxury 2 Bedroom Duplex - Saint Honore View;ROY15-6D;411AIRBNB;411BOOKING;411VRBO;411PLUMGUIDE;Merveil Luxury Suite Royale II - Saint Honore view;411Website;411MARRIOTT
P02-ABO52-0D;Luxury 3 bedroom 2 bathroom with AC - Louvre;ABO52-0D;411AIRBNB;411BOOKING;411VRBO;411PLUMGUIDE;Merveil - Luxury Suite - Louvre - Aboukir I;411Website;411MARRIOTT
P02-ABO52-1F;Luxury 2 Bedroom 2 Bathroom Louvre & Marais;ABO52-1F;411AIRBNB;411BOOKING;411VRBO;411PLUMGUIDE;Merveil - Luxury Suite - Louvre - Aboukir II;411Website;411MARRIOTT
P02-ABO52-2G;Luxury 2 bedroom 2 bathroom - Louvre;ABO52-2G;411AIRBNB;411BOOKING;411VRBO;411PLUMGUIDE;Merveil - Luxury Suite - Louvre - Aboukir III;411Website;411MARRIOTT
P02-ABO52-2D;Luxury 2 Bedroom 2 Bathroom - Louvre Museum;ABO52-2D;411AIRBNB;411BOOKING;411VRBO;411PLUMGUIDE;Merveil - Luxury Suite - Louvre - Aboukir IV;411Website;411MARRIOTT
P01-RAM80-1G;Luxury 4 bedroom 2 bathroom Apartment - Louvre;RAM80-1G;411AIRBNB;411BOOKING;411VRBO;411PLUMGUIDE;Merveil - Luxury Suite - Louvre - Rambuteau;411Website;411MARRIOTT
P02-ABO69-1D;Luxury 3 bedroom 2 bathroom Palace Apartment - AC;ABO69-1D;411AIRBNB;411BOOKING;411VRBO;411PLUMGUIDE;Merveil - Luxury Suite - Louvre - Aboukir V;411Website;411MARRIOTT
P02-ABO69-2D;Luxury Royale 3 bedroom, 2 bathroom;ABO69-2D;411AIRBNB;411BOOKING;411VRBO;411PLUMGUIDE;Merveil - Luxury Serviced Apartment - Aboukir VI;411Website;411MARRIOTT
P03-ARC74-0G;Luxury 3 bedroom Apartment - Le Marais;ARC74-0G;411AIRBNB;411BOOKING;411VRBO;411PLUMGUIDE;Merveil - Luxury Suite - Marais - Archives I;411Website;411MARRIOTT
P07-LAB77-0D;Luxury 2 Bedroom apartment - Eiffel Tower;LAB77-0D;411AIRBNB;411BOOKING;411VRBO;411PLUMGUIDE;Merveil - Luxury Suite - Tour Eiffel - Bourdonnais;411Website;411MARRIOTT
P01-SEB23-3F;Luxury 2 bedroom apartment with Balcony - Louvre;SEB23-3F;411AIRBNB;411BOOKING;411VRBO;411PLUMGUIDE;Merveil - Luxury Suite - Louvre -Sebastopol I;411Website;411MARRIOTT
P01-SEB23-3G;Luxury 2 bedroom 2,5 bathroom Louvre & Notre Dame;SEB23-3G;411AIRBNB;411BOOKING;411VRBO;411PLUMGUIDE;Merveil - Luxury Suite - Louvre - Sebastopol II;411Website;411MARRIOTT
P01-VAL1B-1G;Luxury 6Bdr 5Bth in Heritage Building-Louvre view;VAL1B-1G;411AIRBNB;411BOOKING;411VRBO;411PLUMGUIDE; Merveil Signature Suite - Valois - Louvre view;411Website;411MARRIOTT
P02-ETI16-2F;Luxury 3 Bdr 3 Bthr Apartment in Heritage Building;ETI16-2F;411AIRBNB;411BOOKING;411VRBO;411PLUMGUIDE;Merveil - Signature Suite - Louvre - Marcel I;411Website;411MARRIOTT
P02-ETI16-2D;Luxury 2 bedroom 1 Bathroom Louvre & Notre Dame;ETI16-2D;411AIRBNB;411BOOKING;411VRBO;411PLUMGUIDE;Merveil - Luxury Suite - Louvre - Marcel II;411Website;411MARRIOTT
P15-LAO4-0G;Luxury 2 Bedroom 2 Bathroom - Eiffel Tower;LAO4-0G;411AIRBNB;411BOOKING;411VRBO;411PLUMGUIDE;Merveil - Luxury Suite - Tour Eiffel - Laos;411Website;411MARRIOTT
P01-VIC18-2G;Luxury 5 bedroom 3 bathroom Louvre - Notre Dame;VIC18-2G;411AIRBNB;411BOOKING;411VRBO;411PLUMGUIDE;Merveil - Signature Suite - Louvre - Victoria;411Website;411MARRIOTT
P08-PON48-1D;Luxury 4 bdr 2 bthr Apartment - Champs Elysees;PON48-1D;411AIRBNB;411BOOKING;411VRBO;411PLUMGUIDE;Merveil - Luxury Suite -Champs Elysees- Ponthieu I;411Website;411MARRIOTT
P08-PON48-1G;Luxury 2 bedroom Apartment - Champs Elysees;PON48-1G;411AIRBNB;411BOOKING;411VRBO;411PLUMGUIDE;Merveil - Luxury Suite -Champs Elysees-Ponthieu II;411Website;411MARRIOTT
P02-REA110-2F;Luxury 4 bedroom 2 bathroom Apartment - Louvre;REA110-2F;411AIRBNB;411BOOKING;411VRBO;411PLUMGUIDE;Merveil - Luxury Suite - Louvre - Reaumur I;411Website;411MARRIOTT
P02-REA110-2G;Luxury 3 bedroom 2 bathroom apartment - Louvre;REA110-2G;411AIRBNB;411BOOKING;411VRBO;411PLUMGUIDE;Merveil - Luxury Suite - Louvre - Reaumur II;411Website;411MARRIOTT
P03-CHA73-0D;Luxury 2 Bedroom - Le Marais;CHA73-0D;411AIRBNB;411BOOKING;411VRBO;411PLUMGUIDE;Merveil - Luxury Suite - Marais - Charlot;411Website;411MARRIOTT
P04-LOU18-0D;Luxury 3 bedrooms 2 Bathrooms - Ile saint-Louis;LOU18-0D;411AIRBNB;411BOOKING;411VRBO;411PLUMGUIDE;Merveil - Luxury Suite - Notre-Dame - Saint Louis;411Website;411MARRIOTT
P03-MAR181-1G;Luxury 3 bedroom and 3 bathroom -Louvre Marais;MAR181-1G;411AIRBNB;411BOOKING;411VRBO;411PLUMGUIDE;Merveil - Luxury Suite - Marais - Saint Martin I;411Website;411MARRIOTT
P03-MAR181-2G;Luxury 3 bedroom and 3 bathroom -Louvre Museum;MAR181-2G;411AIRBNB;411BOOKING;411VRBO;411PLUMGUIDE;Merveil - Luxury Suite - Marais - Saint Martin II;411Website;411MARRIOTT
P07-BAC116-1G;Luxury 2 Bedroom - Eiffel-Tower & Orsay Museum;BAC116-1G;411AIRBNB;411BOOKING;411VRBO;411PLUMGUIDE;Merveil - Luxury Suite - Tour Eiffel - Bac I;411Website;411MARRIOTT
P07-BAC116-1D;Luxury 2 Bedroom Eiffel-Tower with Terrace;BAC116-1D;411AIRBNB;411BOOKING;411VRBO;411PLUMGUIDE;Merveil - Luxury Suite - Tour Eiffel - Bac II;411Website;411MARRIOTT
P08-FLO13-1F;Luxury 3 bedroom & 2 bathroom;FLO13-1F;411AIRBNB;411BOOKING;411VRBO;411PLUMGUIDE;Merveil - Luxury Suite -ChampsElysees- Florentin I;411Website;411MARRIOTT
P08-FLO13-1G;Luxury 3 bedroom 2 bathroom apartment - Louvre;FLO13-1G;411AIRBNB;411BOOKING;411VRBO;411PLUMGUIDE;Merveil - Luxury Suite -ChampsElysees-Florentin II;411Website;411MARRIOTT
P02-VOL18-2G;Luxury 2 Bdr 1 Bthr - Louvre Museum & Opera;VOL18-2G;411AIRBNB;411BOOKING;411VRBO;411PLUMGUIDE;Merveil - Luxury Suite -Opera - Volney I;411Website;411MARRIOTT
P02-VOL18-2D;Luxury 2 Bdr & 2 Bthr - Louvre Museum & Opera;VOL18-2D;411AIRBNB;411BOOKING;411VRBO;411PLUMGUIDE;Merveil - Luxury Suite -Opera - Volney II;411Website;411MARRIOTT
P03-OUR12-1G;Luxury 2 bedroom - Marais & Louvre;OUR12-1G;411AIRBNB;411BOOKING;411VRBO;411PLUMGUIDE;Merveil - Luxury Suite - Louvre - Ours I;411Website;411MARRIOTT
P03-OUR12-1D;Luxury 2 bedroom & 2 bathroom - Marais & Louvre;OUR12-1D;411AIRBNB;411BOOKING;411VRBO;411PLUMGUIDE;Merveil - Luxury Suite - Louvre - Ours II;411Website;411MARRIOTT
P02-ABO108-2G;Luxury 4 bedrooms 3 Bathrooms - Louvre;ABO108-2G;411AIRBNB;411BOOKING;411VRBO;411PLUMGUIDE;Merveil - Luxury Suite - Louvre - Aboukir VII;411Website;411MARRIOTT
P04-ANT10-1G;Luxury 4 bedrooms 2 bathrooms apartment Le Marais;ANT10-1G;411AIRBNB;411BOOKING;411VRBO;411PLUMGUIDE;Merveil - Luxury Suite - Marais - Antoine I;411Website;411MARRIOTT
P04-ANT10-2G;Luxury 3 bedrooms 2 bathrooms apartment Le Marais;ANT10-2G;411AIRBNB;411BOOKING;411VRBO;411PLUMGUIDE;Merveil - Luxury Suite - Marais - Antoine II;411Website;411MARRIOTT
P08-BOI41-2D;Luxury 5 Bedroom 3 Bathroom Louvre Champs Elysees;BOI41-2D;411AIRBNB;411BOOKING;411VRBO;411PLUMGUIDE;Merveil - Luxury Suite - Champs Elysees - Boissy;411Website;411MARRIOTT
P02-QUA24-4F;Luxury  5 Bedrooms -3 Bathrooms Apartment  - Opera;QUA24-4F;411AIRBNB;411BOOKING;411VRBO;411PLUMGUIDE;Merveil - Luxury Suite - Opera - Septembre I;411Website;411MARRIOTT
P02-QUA24-4D;Luxury 2 bedrooms with 2 Bathrooms - Opéra;QUA24-4D;411AIRBNB;411BOOKING;411VRBO;411PLUMGUIDE;Merveil - Luxury Suite - Opera - Septembre II;411Website;411MARRIOTT
P08-MON58-0F;;MON58-0F;411AIRBNB;411BOOKING;411VRBO;411PLUMGUIDE;;411Website;411MARRIOTT
P08-MON58-0G;Cosy 3 Bedroom 2 bathroom apartment Champs Elysees;MON58-0G;411AIRBNB;411BOOKING;411VRBO;411PLUMGUIDE;Merveil - Family Suite - Champs Elysees - Monceau;411Website;411MARRIOTT
P01-OPE18-4D;Luxury 4 Bdr 3 bthr Apartment  - Opera Louvre;OPE18-4D;411AIRBNB;411BOOKING;411VRBO;411PLUMGUIDE;Merveil - Luxury Suite - Louvre - Opera I;411Website;411MARRIOTT
P01-OPE18-4G;Luxury 3 bdr 2 bthr Apartment  - Opera Louvre;OPE18-4G;411AIRBNB;411BOOKING;411VRBO;411PLUMGUIDE;Merveil - Luxury Suite - Louvre - Opera II;411Website;411MARRIOTT
P01-MTM13-2G;Luxury 3 bedroom & 2 bathroom Suite- Marais Louvre;MTM13-2G;411AIRBNB;411BOOKING;411VRBO;411PLUMGUIDE;Merveil - Signature Suite - Marais - Montmartre;411Website;411MARRIOTT
P02-SEN18-3D;Cosy 2 bedrooms apartment - Louvre Museum;SEN18-3D;411AIRBNB;411BOOKING;411VRBO;411PLUMGUIDE;Cozy Apartment - Louvre - Sentier I;411Website;411MARRIOTT
P01-JJR27-1F;Luxury 2 bedroom Apartment - Louvre Museum;JJR27-1F;411AIRBNB;411BOOKING;411VRBO;411PLUMGUIDE;Merveil - Luxury Suite - Louvre - Rousseau;411Website;411MARRIOTT
;;;;411BOOKING;;;;;
P02-CLE7-0D;Cosy 3 bedroom duplex apartment (stairs) - Louvre;CLE7-0D;411AIRBNB;411BOOKING;411VRBO;411PLUMGUIDE;Cozy Apartment - Louvre - Clery;411Website;411MARRIOTT
P03-SEB44-1D;Cosy 3 bedroom apartment 1 bthr - Louvre Museum;SEB44-1D;411AIRBNB;411BOOKING;411VRBO;411PLUMGUIDE;Cozy Apartment - Marais - Sebastopol III;411Website;411MARRIOTT
P16-GRA41-1G;Cosy 3 bedrooms Apartment - Champs Elysees;GRA41-1G;411AIRBNB;411BOOKING;411VRBO;411PLUMGUIDE;Merveil - Family Suite - Champs Elysees - Armee;411Website;411MARRIOTT
P10-POI8-1D;Luxury 2 Bedroom apartment - Louvre & Opera;POI8-1D;411AIRBNB;411BOOKING;411VRBO;411PLUMGUIDE;Merveil - Luxury Suite - Marais - Poissonniere;411Website;411MARRIOTT
P08-HAU152-0G;Luxury 2 bdr 1 bthr with bathtub - Champs-Elysees;HAU152-0G;411AIRBNB;411BOOKING;411VRBO;411PLUMGUIDE;Merveil - Luxury Suite -Champs Elysees-Haussmann I;411Website;411MARRIOTT
P08-HAU152-0D;Luxury 2 bedroom 1 bthr apartment - Champs-Elysees;HAU152-0D;411AIRBNB;411BOOKING;411VRBO;411PLUMGUIDE;Merveil -Luxury Suite -Champs Elysees-Haussmann II;411Website;411MARRIOTT
P02-ABO58-1D;Cosy 3 bedrooms apartment - Louvre & Marais;ABO58-1D;411AIRBNB;411BOOKING;411VRBO;411PLUMGUIDE;Cozy Apartment - Louvre - Aboukir VIII;411Website;411MARRIOTT
P02-SEN18-2G;Cozy 3 bedrooms apartment - Louvre & Opéra;SEN18-2G;411AIRBNB;411BOOKING;411VRBO;411PLUMGUIDE;Cozy Apartment - Louvre - Sentier II;411Website;411MARRIOTT
P08-MOL3-0G;Cosy 2 bedroom 1 bathroom- Parc Monceau;MOL3-0G;411AIRBNB;411BOOKING;411VRBO;411PLUMGUIDE;Merveil - Family Suite - Champs Elysees - Mollien;411Website;411MARRIOTT
P09-GOD9-2F;Luxury 6 Bedroom 3 Bathroom Louvre Champs Elysees;GOD9-2F;411AIRBNB;411BOOKING;411VRBO;411PLUMGUIDE;Merveil - Luxury Suite - Champs Elysees - Mauroy I;411Website;411MARRIOTT
P03-TBG77-1D;Cosy 3 bedrooms apartment - Le Marais;TBG77-1D;411AIRBNB;411BOOKING;411VRBO;411PLUMGUIDE;Cozy Apartment - Marais - Turbigo I;411Website;411MARRIOTT
P02-NDV14-1D;Cosy 5 bedrooms with patio - Louvre Museum;NDV14-1D;411AIRBNB;411BOOKING;411VRBO;411PLUMGUIDE;Merveil - Family suite - Louvre - Victoires;411Website;411MARRIOTT
P02-ABO94-1D;Luxury 6 bedrooms 3 bathrooms apartment - Opera;ABO94-1D;411AIRBNB;411BOOKING;411VRBO;411PLUMGUIDE;Merveil - Luxury Suite - Louvre - Aboukir IX;411Website;411MARRIOTT
P08-CAS6-1D;Luxury 2 Bedroom & 2 Bathroom - Marais;CAS6-1D;411AIRBNB;411BOOKING;411VRBO;411PLUMGUIDE;Cozy apartment - Opera - Castellane;411Website;411MARRIOTT
P08-TIL14-5G;Cosy 4 bedrooms with Balcony - Champs Elysees;TIL14-5G;411AIRBNB;411BOOKING;411VRBO;411PLUMGUIDE;Merveil - Signature Suite - Eiffel Tower terrace;411Website;411MARRIOTT
P02-STD250-1D;Cosy 2 bedrooms apartment with bathrooms - Louvre;STD250-1D;411AIRBNB;411BOOKING;411VRBO;411PLUMGUIDE;Cozy Apartment - Marais - Saint Denis II;411Website;411MARRIOTT
P09-GOD24-0F;Cosy 3 bedrooms Townhouse Louvre & Champs-Elysees;GOD24-0F;411AIRBNB;411BOOKING;411VRBO;411PLUMGUIDE;Cozy Apartment - Opera - Mauroy II;411Website;411MARRIOTT
P09-ROU14-1G;Luxury 2 Bedroom & 2 Bathroom Apartment - Louvre;ROU14-1G;411AIRBNB;411BOOKING;411VRBO;411PLUMGUIDE;Merveil - Luxury Suite - Opera - Rougemont I;411Website;411MARRIOTT
P09-ROU14-1D;Luxury 3 Bedroom & 3,5 Bathroom Apartment - Louvre;ROU14-1D;411AIRBNB;411BOOKING;411VRBO;411PLUMGUIDE;Merveil - Luxury Suite - Opera - Rougemont II;411Website;411MARRIOTT
P01-ETI39-1F;Luxury 5 Bedroom 4 Bathroom - Louvre & Notre Dame;ETI39-1F;411AIRBNB;411BOOKING;411VRBO;411PLUMGUIDE;Merveil - Luxury Suite - Louvre - Marcel III;411Website;411MARRIOTT
P03-MAR359-1F;Cosy 3 Bedrooms Apartment - 2 Bathrooms - Marais;MAR359-1F;411AIRBNB;411BOOKING;411VRBO;411PLUMGUIDE;Merveil - Family Suite - Marais - Martin III;411Website;411MARRIOTT
P03-MAR359-1G;Cosy 2 Bedrooms with 1 Bathroom - Marais;MAR359-1G;411AIRBNB;411BOOKING;411VRBO;411PLUMGUIDE;Cozy Apartment - Marais - Saint Martin IV;411Website;411MARRIOTT
P01-THE13-1D;Luxury 4 bedroom 4 bathroom Apartment - Louvre;THE13-1D;411AIRBNB;411BOOKING;411VRBO;411PLUMGUIDE;Merveil - Luxury Suite - Louvre - Therese;411Website;411MARRIOTT
P01-RIV85-1G;Cosy 3 bedroom & 2 bathroom apartment - Louvre;RIV85-1G;411AIRBNB;411BOOKING;411VRBO;411PLUMGUIDE;Cozy Apartment - Louvre -Rivoli;411Website;411MARRIOTT
P03-MAR326-3D;Cosy 2 bedrooms 1 bathroom apartment - Le Marais;MAR326-3D;411AIRBNB;411BOOKING;411VRBO;411PLUMGUIDE;Cozy Apartment - Marais - Saint Martin V;411Website;411MARRIOTT
P03-MAR326-3G;Cosy 2 bdr1 bthr apartment- Le Marais / Pompidou;MAR326-3G;411AIRBNB;411BOOKING;411VRBO;411PLUMGUIDE;Cozy Apartment - Marais - Saint Martin VI;411Website;411MARRIOTT
P02-POC5-3F;Cosy 5 Bedrooms and 2 Bathrooms - Le Marais;POC5-3F;411AIRBNB;411BOOKING;411VRBO;411PLUMGUIDE;Merveil - Family Suite - Marais - Ponceau;411Website;411MARRIOTT
P08-WAG20-0G;Cosy 2 bedrooms 1 bathroom apartment - Monceau;WAG20-0G;411AIRBNB;411BOOKING;411VRBO;411PLUMGUIDE;Merveil - Family Suite - Champs Elysees - Wagram;411Website;411MARRIOTT
P11-PEL8-0D;Cosy 7 Bedrooms 3 bathrooms  Le Marais;PEL8-0D;411AIRBNB;411BOOKING;411VRBO;411PLUMGUIDE;Merveil - Family Suite - Marais - Pelee;411Website;411MARRIOTT
P02-DAL40-1D;Cosy 2 bedroom with 1 bathroom-Opera;DAL40-1D;411AIRBNB;411BOOKING;411VRBO;411PLUMGUIDE; Merveil - Family Suite - Louvre - Dalayrac;411Website;411MARRIOTT
P09-CAR7-0G;Cosy 3 bedroom and 2 Bathroom - Opera;CAR7-0G;411AIRBNB;411BOOKING;411VRBO;411PLUMGUIDE;Merveil - Family Suite - Opera - Cardinal Mercier;411Website;411MARRIOTT
P02-CAI31-2D;Luxury 3 Bedroom 2 Bathroom Suite - Louvre Marais;CAI31-2D;411AIRBNB;411BOOKING;411VRBO;411PLUMGUIDE;Merveil - Luxury Suite - Marais - Caire I;411Website;411MARRIOTT
P15-VIA29-1F;Cosy 2 bedroom - Eiffel Tower;VIA29-1F;411AIRBNB;411BOOKING;411VRBO;411PLUMGUIDE;Cozy Apartment - Tour Eiffel - Viala II;411Website;411MARRIOTT
P15-VIA29-1G;Cosy 3 bedroom 2 bathroom - Eiffel Tower;VIA29-1G;411AIRBNB;411BOOKING;411VRBO;411PLUMGUIDE;Cozy Apartment - Tour Eiffel - Viala I;411Website;411MARRIOTT
P09-CAU28-2G;Cosy 3 bedroom 2 bathroom - Louvre;CAU28-2G;411AIRBNB;411BOOKING;411VRBO;411PLUMGUIDE;Merveil - Family Suite - Opera - Caumartin I;411Website;411MARRIOTT
P09-CAU28-2D;Cosy 2 bedroom 1 bathroom - Louvre;CAU28-2D;411AIRBNB;411BOOKING;411VRBO;411PLUMGUIDE;Cozy Apartment - Opera - Caumartin II;411Website;411MARRIOTT
P15-FIN6-6F;Cozy 5 Bedroom & 3 Bathroom - Eiffel Tower;FIN6-6F;411AIRBNB;411BOOKING;411VRBO;411PLUMGUIDE;Cozy Apartment - Tour Eiffel - Finlay;411Website;411MARRIOTT
P15-FIN6-6;;FIN6-6;411AIRBNB;411BOOKING;411VRBO;411PLUMGUIDE;;411Website;411MARRIOTT
P08-FRA12-1G;Cosy 4 Bedrooms 2 Bathr Apartment - Champs Elysées;FRA12-1G;411AIRBNB;411BOOKING;411VRBO;411PLUMGUIDE;Cozy Apartment - Champs Elysees - Roosevelt;411Website;411MARRIOTT
P05-MNG118-1D;Luxury 2 Bedroom - Notre Dame;MNG118-1D;411AIRBNB;411BOOKING;411VRBO;411PLUMGUIDE;Merveil - Luxury Suite - Notre Dame - Monge;411Website;411MARRIOTT
P03-REP23-1D;Luxury 5 Bedroom 3 bathroom - Marais Monument View;REP23-1D;411AIRBNB;411BOOKING;411VRBO;411PLUMGUIDE;Merveil - Luxury Suite - Marais - Republique;411Website;411MARRIOTT
P08-TRN13-0F;Cosy 3 bedroom & 2 bathroom Apartment - Opera;TRN13-0F;411AIRBNB;411BOOKING;411VRBO;411PLUMGUIDE;Cozy Apartment - Opera - Turin;411Website;411MARRIOTT
P02-ANN46-3G;Cosy 6 Bedroom & 3 bathroom Apartment - Louvre;ANN46-3G;411AIRBNB;411BOOKING;411VRBO;411PLUMGUIDE;Merveil - Family Suite - Louvre - Sainte Anne;411Website;411MARRIOTT
P04-MAR135-2F;Luxury 3 Bedroom & 3 Bathroom - Marais & Louvre;MAR135-2F;411AIRBNB;411BOOKING;411VRBO;411PLUMGUIDE;Merveil Luxury Suite - Martin VII - Museum view;411Website;411MARRIOTT
P11-RIC75-0D;Luxury 2 Bedroom & 1 Bathroom Suite - Marais;RIC75-0D;411AIRBNB;411BOOKING;411VRBO;411PLUMGUIDE;Merveil - Luxury Suite - Marais - Lenoir III;411Website;411MARRIOTT
P11-RIC75-0G;Luxury 3 Bedroom & 2 Bathroom Apartment - Marais;RIC75-0G;411AIRBNB;411BOOKING;411VRBO;411PLUMGUIDE;Merveil - Luxury Suite - Marais - Lenoir II;411Website;411MARRIOTT
P11-RIC75-0F;Luxury 2 Bedroom & 2 Bathroom Apartment - Marais;RIC75-0F;411AIRBNB;411BOOKING;411VRBO;411PLUMGUIDE;Merveil - Luxury Suite - Marais - Lenoir I;411Website;411MARRIOTT
P01-CHE6-3F;Luxury 3 Bdr & 3 Bthr - Champs Elysees & Louvre;CHE6-3F;411AIRBNB;411BOOKING;411VRBO;411PLUMGUIDE;Merveil - Luxury Suite - Champs Elysees -St George;411Website;411MARRIOTT
P11-FSA33-2D;Cosy 5 bedroom & 2 bathroom - Marais;FSA33-2D;411AIRBNB;411BOOKING;411VRBO;411PLUMGUIDE;Merveil - Family Suite - Marais - Fbg St Antoine;411Website;411MARRIOTT
P02-MIC18-4F;Luxury 4 Bedroom & 3 Bathroom Apartment - Louvre;MIC18-4F;411AIRBNB;411BOOKING;411VRBO;411PLUMGUIDE;Merveil - Luxury Suite - Louvre - Michodiere;411Website;411MARRIOTT
P03-BSD9-1F;Luxury 4 Bedroom & 3 Bathroom Suite - Opéra Marais;BSD9-1F;411AIRBNB;411BOOKING;411VRBO;411PLUMGUIDE;Merveil - Luxury Suite -Marais - Bvd Saint Denis;411Website;411MARRIOTT
P09-RIE20-2D;;RIE20-2D;411AIRBNB;411BOOKING;411VRBO;411PLUMGUIDE;;411Website;411MARRIOTT
P09-RIE20-2D;;RIE20-2D;411AIRBNB;411BOOKING;411VRBO;411PLUMGUIDE;;411Website;411MARRIOTT
P16-KLE40-2F;Luxury 6 Bedroom & 5 Bathroom - Champs Elysees;KLE40-2F;411AIRBNB;411BOOKING;411VRBO;411PLUMGUIDE;Merveil - Signature Suite - Champs Elysees -Kleber;411Website;411MARRIOTT
P05-BOU40-0G;Luxury 2 Bedroom & 2 Bathroom - Notre Dame;BOU40-0G;411AIRBNB;411BOOKING;411VRBO;411PLUMGUIDE;Merveil - Luxury Suite - Notre Dame - Boulangers;411Website;411MARRIOTT
P02-PAL7-1D;Luxury 4 Bedroom 3 Bathroom - Louvre & Marais;PAL7-1D;411AIRBNB;411BOOKING;411VRBO;411PLUMGUIDE;Merveil - Luxury Suite - Louvre - Palestro;411Website;411MARRIOTT
P02-CAI12-3D;;CAI12-3D;411AIRBNB;411BOOKING;411VRBO;411PLUMGUIDE;;411Website;411MARRIOTT
P08-HOC16-7G;Luxury 7Br Champs-Elysees Eiffel Tower view;HOC16-7G;411AIRBNB;411BOOKING;411VRBO;411PLUMGUIDE;Merveil Signature Suite Hoche - Eiffel Tower view;411Website;411MARRIOTT
P09-BAT14-1;L'appartement n'est pas lancé;BAT14-1;411AIRBNB;411BOOKING;411VRBO;411PLUMGUIDE;Merveil - Luxury Suite - Opera - Bateliere;411Website;411MARRIOTT
P07-GRE168-0G;Luxury 5 Bedroom & 5 Bathroom Suite - Eiffel Tower;GRE168-0G;411AIRBNB;411BOOKING;411VRBO;411PLUMGUIDE;Merveil - Signature Suite -Tour Eiffel- Grenelle I;411Website;411MARRIOTT
P07-GRE168-0D;Luxury 3 Bedroom & 2 Bathroom Suite - Eiffel Tower;GRE168-0D;411AIRBNB;411BOOKING;411VRBO;411PLUMGUIDE;Merveil - Signature Suite -Tour Eiffel-Grenelle II;411Website;411MARRIOTT
P08-MRI16-0D;Luxury 2 Bedroom & 2 Bathroom Suite-Champs-Elysees;MRI16-0D;411AIRBNB;411BOOKING;411VRBO;411PLUMGUIDE;Merveil - Signature Suite-Champs Elysees- Marignan;411Website;411MARRIOTT
P02-BRS1-5F;L'appartement n'est pas lancé;BRS1-5F;411AIRBNB;411BOOKING;411VRBO;411PLUMGUIDE;Merveil - Luxury Suite - Louvre - Bourse I;411Website;411MARRIOTT
P02-BRS1-5D;L'appartement n'est pas lancé;BRS1-5D;411AIRBNB;411BOOKING;411VRBO;411PLUMGUIDE;Merveil - Luxury Suite - Louvre - Bourse II;411Website;411MARRIOTT
P17-GOU71-3D;L'appartement n'est pas lancé;GOU71-3D;411AIRBNB;411BOOKING;411VRBO;411PLUMGUIDE;Merveil Signature Suite - Cyr II - Private terrace;411Website;411MARRIOTT
P03-TBG52-1G;Luxury 3 Bedroom & 3 Bathroom apartment Le Marais;TBG52-1G;411AIRBNB;411BOOKING;411VRBO;411PLUMGUIDE;Merveil - Luxury Suite - Marais - Turbigo II;411Website;411MARRIOTT
P03-TBG52-1G;Luxury 2 Bedroom & 2 Bathroom apartment Le Marais;TBG52-1G;411AIRBNB;411BOOKING;411VRBO;411PLUMGUIDE;Merveil - Signature Suite - Marais -Turbigo III;411Website;411MARRIOTT
P02-CAI31-3D;Luxury 5 bedroom design apartment - Louvre Marais;CAI31-3D;411AIRBNB;411BOOKING;411VRBO;411PLUMGUIDE;Merveil - Signature Suite - Marais - Caire II;411Website;411MARRIOTT
P06-VAU114-0G;;;411AIRBNB;411BOOKING;411VRBO;411PLUMGUIDE;;411Website;411MARRIOTT
P09-ROU14-4G;Luxury 4 Bedroom & 4,5 Bathroom Apartment - Louvre;ROU14-4G;411AIRBNB;411BOOKING;411VRBO;411PLUMGUIDE;Merveil - Signature Suite - Opera - Rougemont III;411Website;411MARRIOTT
P07-BGO41-0F;L'appartement n'est pas lancé;BGO41-0F;411AIRBNB;411BOOKING;411VRBO;411PLUMGUIDE;Merveil - Signature Suite -Tour Eiffel- Bourgogne;411Website;411MARRIOTT
P03-ARC77-2G;Luxury 6 Bedroom & 6 Bathroom apartment - Marais;ARC77-2G;411AIRBNB;411BOOKING;411VRBO;411PLUMGUIDE;Merveil - Signature Suite - Marais - Archives II;411Website;411MARRIOTT
P17-GOU71-2D;L'appartement n'est pas lancé;GOU71-2D;411AIRBNB;411BOOKING;411VRBO;411PLUMGUIDE;Merveil - Luxury Suite - Champs Elysees - St Cyr I;411Website;411MARRIOTT
P15-VIA1-2G;L'appartement n'est pas lancé;VIA1-2G;411AIRBNB;411BOOKING;411VRBO;411PLUMGUIDE;Merveil - Luxury Suite - Tour Eiffel - Viala II;411Website;411MARRIOTT
P03-TUR64-1D;L'appartement n'est pas lancé;TUR64-1D;411AIRBNB;411BOOKING;411VRBO;411PLUMGUIDE;Merveil - Luxury Suite - Marais - Turenne;411Website;411MARRIOTT
P15-VIA29-1D;L'appartement n'est pas lancé;VIA29-1D;411AIRBNB;411BOOKING;411VRBO;411PLUMGUIDE;Merveil - Signature Suite - Tour Eiffel - Viala IV;411Website;411MARRIOTT
P03-BRA4-2G;L'appartement n'est pas lancé;BRA4-2G;411AIRBNB;411BOOKING;411VRBO;411PLUMGUIDE;Merveil - Signature Suite - Marais - Braque;411Website;411MARRIOTT
N92-DUL16-1F;L'appartement n'est pas lancé;DUL16-1F;411AIRBNB;411BOOKING;411VRBO;411PLUMGUIDE;Cozy Apartment - Champs Elysees - Dulud I;411Website;411MARRIOTT
N92-DUL16-2F;L'appartement n'est pas lancé;;411AIRBNB;411BOOKING;411VRBO;411PLUMGUIDE;Merveil - Luxury Suite - Champs Elysees - Dulud II;411Website;411MARRIOTT
N92-DUL16-3F;L'appartement n'est pas lancé;;411AIRBNB;411BOOKING;411VRBO;411PLUMGUIDE;Merveil - Luxury Suite - Champs Elysees -Dulud III;411Website;411MARRIOTT
P15-DES3-5G;L'appartement n'est pas lancé;DES3-5G;411AIRBNB;411BOOKING;411VRBO;411PLUMGUIDE;Merveil - Signature Suite - Tour Eiffel - Desaix I;411Website;411MARRIOTT
P15-DES3-5F;L'appartement n'est pas lancé;DES3-5F;411AIRBNB;411BOOKING;411VRBO;411PLUMGUIDE;Merveil - Signature Suite - Tour Eiffel -Desaix II;411Website;411MARRIOTT
P17-ALF6-4F;L'appartement n'est pas lancé;ALF6-4F;411AIRBNB;411BOOKING;411VRBO;411PLUMGUIDE;Merveil - Luxury Suite - Champs Elysees - Roll;411Website;411MARRIOTT
P08-ROY21-5G;;;;411BOOKING;;;;;
;;FRE17B-2F;;411BOOKING;;;Merveil - Luxury Suite - Tour Eiffel - Fremicourt;;